,FIELD,CODE,TICKER
0,RI,CN,U:CN
1,RI,FM,U:FM
2,RI,FV,@FV
3,RI,IG,U:IG
4,RI,JO,U:JO
5,RI,LD,U:LD
6,RI,MJ,U:MJ
7,RI,PY,@PY
8,RI,SH,U:SH
9,RI,VB,U:VB
10,RI,VO,U:VO
11,RI,VT,U:VT
12,RI,VV,U:VV
13,RI,XT,@XT
14,RI,AAA,U:AAA
15,RI,AFK,U:AFK
16,RI,AGG,U:AGG
17,RI,AGQ,U:AGQ
18,RI,AGT,U:AGT
19,RI,AGZ,U:AGZ
20,RI,AIA,@AIA
21,RI,AIQ,@AIQ
22,RI,AMJ,U:AMJ
23,RI,AMU,U:AMU
24,RI,AOA,U:AOA
25,RI,AOK,U:AOK
26,RI,AOM,U:AOM
27,RI,AOR,U:AOR
28,RI,ARB,U:ARB
29,RI,BAB,U:BAB
30,RI,BAL,U:BAL
31,RI,BAR,U:BAR
32,RI,BBC,U:BBC
33,RI,BBH,@BBH
34,RI,BBP,U:BBP
35,RI,BCD,U:BCD
36,RI,BCI,U:BCI
37,RI,BCM,U:BCM
38,RI,BIB,@BIB
39,RI,BIL,U:BIL
40,RI,BIS,@BIS
41,RI,BIV,U:BIV
42,RI,BJK,@BJK
43,RI,BKF,U:BKF
44,RI,BLV,U:BLV
45,RI,BND,@BND
46,RI,BNO,U:BNO
47,RI,BRF,U:BRF
48,RI,BSV,U:BSV
49,RI,BUG,@BUG
50,RI,BUL,U:BUL
51,RI,BWX,U:BWX
52,RI,BWZ,U:BWZ
53,RI,BZQ,U:BZQ
54,RI,CDC,@CDC
55,RI,CDL,@CDL
56,RI,CEW,U:CEW
57,RI,CEY,@CEY
58,RI,CEZ,@CEZ
59,RI,CFA,@CFA
60,RI,CFO,@CFO
61,RI,CGW,U:CGW
62,RI,CHB,@CHB
63,RI,CID,@CID
64,RI,CIL,@CIL
65,RI,CIZ,@CIZ
66,RI,CMF,U:CMF
67,RI,COM,U:COM
68,RI,COW,U:COW
69,RI,CPI,U:CPI
70,RI,CSA,@CSA
71,RI,CSB,@CSB
72,RI,CSD,U:CSD
73,RI,CSF,@CSF
74,RI,CSM,U:CSM
75,RI,CUT,U:CUT
76,RI,CVY,U:CVY
77,RI,CWB,U:CWB
78,RI,CWI,U:CWI
79,RI,CWS,U:CWS
80,RI,CYB,U:CYB
81,RI,CZA,U:CZA
82,RI,DAX,@DAX
83,RI,DBA,U:DBA
84,RI,DBB,U:DBB
85,RI,DBC,U:DBC
86,RI,DBE,U:DBE
87,RI,DBO,U:DBO
88,RI,DBP,U:DBP
89,RI,DBS,U:DBS
90,RI,DBV,U:DBV
91,RI,DDG,U:DDG
92,RI,DDM,U:DDM
93,RI,DEF,U:DEF
94,RI,DEM,U:DEM
95,RI,DES,U:DES
96,RI,DEW,U:DEW
97,RI,DFE,U:DFE
98,RI,DFJ,U:DFJ
99,RI,DGL,U:DGL
100,RI,DGP,U:DGP
101,RI,DGS,U:DGS
102,RI,DGT,U:DGT
103,RI,DGZ,U:DGZ
104,RI,DHS,U:DHS
105,RI,DIA,U:DIA
106,RI,DIG,U:DIG
107,RI,DIM,U:DIM
108,RI,DIV,U:DIV
109,RI,DJD,U:DJD
110,RI,DJP,U:DJP
111,RI,DLN,U:DLN
112,RI,DLS,U:DLS
113,RI,DNL,U:DNL
114,RI,DOG,U:DOG
115,RI,DOL,U:DOL
116,RI,DON,U:DON
117,RI,DOO,U:DOO
118,RI,DRN,U:DRN
119,RI,DRV,U:DRV
120,RI,DRW,U:DRW
121,RI,DSI,U:DSI
122,RI,DTD,U:DTD
123,RI,DTH,U:DTH
124,RI,DTN,U:DTN
125,RI,DUG,U:DUG
126,RI,DVY,@DVY
127,RI,DWM,U:DWM
128,RI,DWX,U:DWX
129,RI,DXD,U:DXD
130,RI,DXJ,U:DXJ
131,RI,DZZ,U:DZZ
132,RI,ECH,U:ECH
133,RI,EDC,U:EDC
134,RI,EDV,U:EDV
135,RI,EDZ,U:EDZ
136,RI,EEH,U:EEH
137,RI,EEM,U:EEM
138,RI,EES,U:EES
139,RI,EET,U:EET
140,RI,EEV,U:EEV
141,RI,EFA,U:EFA
142,RI,EFG,U:EFG
143,RI,EFO,U:EFO
144,RI,EFU,U:EFU
145,RI,EFV,U:EFV
146,RI,EFZ,U:EFZ
147,RI,EIS,U:EIS
148,RI,ELD,U:ELD
149,RI,EMB,@EMB
150,RI,EPI,U:EPI
151,RI,EPP,U:EPP
152,RI,EPS,U:EPS
153,RI,EPU,U:EPU
154,RI,EPV,U:EPV
155,RI,EQL,U:EQL
156,RI,ERM,U:ERM
157,RI,ERX,U:ERX
158,RI,ERY,U:ERY
159,RI,ESG,U:ESG
160,RI,EUM,U:EUM
161,RI,EUO,U:EUO
162,RI,EVX,U:EVX
163,RI,EWA,U:EWA
164,RI,EWC,U:EWC
165,RI,EWD,U:EWD
166,RI,EWG,U:EWG
167,RI,EWH,U:EWH
168,RI,EWI,U:EWI
169,RI,EWJ,U:EWJ
170,RI,EWK,U:EWK
171,RI,EWL,U:EWL
172,RI,EWM,U:EWM
173,RI,EWN,U:EWN
174,RI,EWO,U:EWO
175,RI,EWP,U:EWP
176,RI,EWQ,U:EWQ
177,RI,EWS,U:EWS
178,RI,EWT,U:EWT
179,RI,EWU,U:EWU
180,RI,EWV,U:EWV
181,RI,EWW,U:EWW
182,RI,EWX,U:EWX
183,RI,EWY,U:EWY
184,RI,EWZ,U:EWZ
185,RI,EXI,U:EXI
186,RI,EZA,U:EZA
187,RI,EZJ,U:EZJ
188,RI,EZM,U:EZM
189,RI,EZU,U:EZU
190,RI,FAB,@FAB
191,RI,FAD,@FAD
192,RI,FAN,U:FAN
193,RI,FAS,U:FAS
194,RI,FAZ,U:FAZ
195,RI,FBT,U:FBT
196,RI,FBZ,@FBZ
197,RI,FCA,@FCA
198,RI,FCG,U:FCG
199,RI,FDD,U:FDD
200,RI,FDG,U:FDG
201,RI,FDL,U:FDL
202,RI,FDM,U:FDM
203,RI,FDN,U:FDN
204,RI,FDT,@FDT
205,RI,FEM,@FEM
206,RI,FEP,@FEP
207,RI,FEX,@FEX
208,RI,FEZ,U:FEZ
209,RI,FFR,U:FFR
210,RI,FGD,U:FGD
211,RI,FGM,@FGM
212,RI,FHK,@FHK
213,RI,FID,@FID
214,RI,FIW,U:FIW
215,RI,FJP,@FJP
216,RI,FKO,@FKO
217,RI,FKU,@FKU
218,RI,FLM,U:FLM
219,RI,FLN,@FLN
220,RI,FLV,U:FLV
221,RI,FMB,@FMB
222,RI,FMF,U:FMF
223,RI,FMK,@FMK
224,RI,FNI,U:FNI
225,RI,FNK,@FNK
226,RI,FNX,@FNX
227,RI,FNY,@FNY
228,RI,FPA,@FPA
229,RI,FPE,U:FPE
230,RI,FPX,U:FPX
231,RI,FRI,U:FRI
232,RI,FSZ,@FSZ
233,RI,FTA,@FTA
234,RI,FTC,@FTC
235,RI,FUD,U:FUD
236,RI,FUE,U:FUE
237,RI,FUT,U:FUT
238,RI,FVC,@FVC
239,RI,FVD,U:FVD
240,RI,FVL,U:FVL
241,RI,FXA,U:FXA
242,RI,FXB,U:FXB
243,RI,FXC,U:FXC
244,RI,FXD,U:FXD
245,RI,FXE,U:FXE
246,RI,FXF,U:FXF
247,RI,FXG,U:FXG
248,RI,FXH,U:FXH
249,RI,FXI,U:FXI
250,RI,FXL,U:FXL
251,RI,FXN,U:FXN
252,RI,FXO,U:FXO
253,RI,FXP,U:FXP
254,RI,FXR,U:FXR
255,RI,FXU,U:FXU
256,RI,FXY,U:FXY
257,RI,FXZ,U:FXZ
258,RI,FYC,@FYC
259,RI,FYT,@FYT
260,RI,FYX,@FYX
261,RI,GAA,U:GAA
262,RI,GAL,U:GAL
263,RI,GAZ,U:GAZ
264,RI,GBF,U:GBF
265,RI,GCC,U:GCC
266,RI,GDX,U:GDX
267,RI,GEM,U:GEM
268,RI,GII,U:GII
269,RI,GLD,U:GLD
270,RI,GLL,U:GLL
271,RI,GMF,U:GMF
272,RI,GNR,U:GNR
273,RI,GRN,U:GRN
274,RI,GRU,U:GRU
275,RI,GSG,U:GSG
276,RI,GSP,U:GSP
277,RI,GSY,U:GSY
278,RI,GTO,U:GTO
279,RI,GVI,U:GVI
280,RI,GWX,U:GWX
281,RI,GXC,U:GXC
282,RI,GXF,U:GXF
283,RI,GXG,U:GXG
284,RI,HAP,U:HAP
285,RI,HDG,U:HDG
286,RI,HDV,U:HDV
287,RI,HYD,U:HYD
288,RI,HYG,U:HYG
289,RI,HYS,U:HYS
290,RI,IAI,U:IAI
291,RI,IAK,U:IAK
292,RI,IAT,U:IAT
293,RI,IAU,U:IAU
294,RI,IBB,@IBB
295,RI,IBD,U:IBD
296,RI,ICF,U:ICF
297,RI,IDU,U:IDU
298,RI,IDV,U:IDV
299,RI,IDX,U:IDX
300,RI,IEF,@IEF
301,RI,IEI,@IEI
302,RI,IEO,U:IEO
303,RI,IEV,U:IEV
304,RI,IEZ,U:IEZ
305,RI,IFV,@IFV
306,RI,IGE,U:IGE
307,RI,IGF,@IGF
308,RI,IGM,U:IGM
309,RI,IGN,U:IGN
310,RI,IGV,U:IGV
311,RI,IHE,U:IHE
312,RI,IHF,U:IHF
313,RI,IHI,U:IHI
314,RI,IHY,U:IHY
315,RI,IJH,U:IJH
316,RI,IJJ,U:IJJ
317,RI,IJK,U:IJK
318,RI,IJR,U:IJR
319,RI,IJS,U:IJS
320,RI,IJT,@IJT
321,RI,ILF,U:ILF
322,RI,IOO,U:IOO
323,RI,IPO,U:IPO
324,RI,IQM,U:IQM
325,RI,ITA,U:ITA
326,RI,ITB,U:ITB
327,RI,ITM,U:ITM
328,RI,IUS,@IUS
329,RI,IVE,U:IVE
330,RI,IVV,U:IVV
331,RI,IVW,U:IVW
332,RI,IWB,U:IWB
333,RI,IWC,U:IWC
334,RI,IWD,U:IWD
335,RI,IWF,U:IWF
336,RI,IWL,U:IWL
337,RI,IWM,U:IWM
338,RI,IWN,U:IWN
339,RI,IWO,U:IWO
340,RI,IWP,U:IWP
341,RI,IWR,U:IWR
342,RI,IWS,U:IWS
343,RI,IWV,U:IWV
344,RI,IWX,U:IWX
345,RI,IWY,U:IWY
346,RI,IXC,U:IXC
347,RI,IXG,U:IXG
348,RI,IXJ,U:IXJ
349,RI,IXN,U:IXN
350,RI,IXP,U:IXP
351,RI,IYC,U:IYC
352,RI,IYE,U:IYE
353,RI,IYF,U:IYF
354,RI,IYG,U:IYG
355,RI,IYH,U:IYH
356,RI,IYJ,U:IYJ
357,RI,IYK,U:IYK
358,RI,IYM,U:IYM
359,RI,IYR,U:IYR
360,RI,IYT,U:IYT
361,RI,IYW,U:IYW
362,RI,IYY,U:IYY
363,RI,IYZ,U:IYZ
364,RI,JIG,U:JIG
365,RI,JJA,U:JJA
366,RI,JJC,U:JJC
367,RI,JJE,U:JJE
368,RI,JJG,U:JJG
369,RI,JJM,U:JJM
370,RI,JJN,U:JJN
371,RI,JJP,U:JJP
372,RI,JJS,U:JJS
373,RI,JJT,U:JJT
374,RI,JJU,U:JJU
375,RI,JKD,U:JKD
376,RI,JKE,U:JKE
377,RI,JKF,U:JKF
378,RI,JKG,U:JKG
379,RI,JKH,U:JKH
380,RI,JKI,@JKI
381,RI,JKJ,U:JKJ
382,RI,JKK,U:JKK
383,RI,JKL,U:JKL
384,RI,JNK,U:JNK
385,RI,JPN,U:JPN
386,RI,JXI,U:JXI
387,RI,KBA,U:KBA
388,RI,KBE,U:KBE
389,RI,KCE,U:KCE
390,RI,KIE,U:KIE
391,RI,KNG,U:KNG
392,RI,KOL,U:KOL
393,RI,KRE,U:KRE
394,RI,KSA,U:KSA
395,RI,KXI,U:KXI
396,RI,LBJ,U:LBJ
397,RI,LCG,U:LCG
398,RI,LCR,U:LCR
399,RI,LGH,U:LGH
400,RI,LIT,U:LIT
401,RI,LQD,U:LQD
402,RI,LTL,U:LTL
403,RI,MBB,@MBB
404,RI,MDY,U:MDY
405,RI,MGC,U:MGC
406,RI,MGK,U:MGK
407,RI,MGV,U:MGV
408,RI,MID,U:MID
409,RI,MJJ,U:MJJ
410,RI,MJO,U:MJO
411,RI,MLN,U:MLN
412,RI,MNA,U:MNA
413,RI,MOM,U:MOM
414,RI,MOO,U:MOO
415,RI,MUB,U:MUB
416,RI,MVV,U:MVV
417,RI,MXI,U:MXI
418,RI,MYY,U:MYY
419,RI,MZZ,U:MZZ
420,RI,NGE,U:NGE
421,RI,NIB,U:NIB
422,RI,NLR,U:NLR
423,RI,NYF,U:NYF
424,RI,OEF,U:OEF
425,RI,OIH,U:OIH
426,RI,OIL,U:OIL
427,RI,OLD,@OLD
428,RI,OVB,U:OVB
429,RI,OVF,U:OVF
430,RI,OVL,U:OVL
431,RI,OVM,U:OVM
432,RI,OVS,U:OVS
433,RI,PAK,U:PAK
434,RI,PBD,U:PBD
435,RI,PBE,U:PBE
436,RI,PBJ,U:PBJ
437,RI,PBP,U:PBP
438,RI,PBS,U:PBS
439,RI,PBW,U:PBW
440,RI,PCY,U:PCY
441,RI,PDN,U:PDN
442,RI,PDP,@PDP
443,RI,PEJ,U:PEJ
444,RI,PEX,U:PEX
445,RI,PEY,@PEY
446,RI,PEZ,@PEZ
447,RI,PFF,@PFF
448,RI,PFI,@PFI
449,RI,PFM,@PFM
450,RI,PGF,U:PGF
451,RI,PGJ,@PGJ
452,RI,PGM,U:PGM
453,RI,PGX,U:PGX
454,RI,PHB,U:PHB
455,RI,PHO,@PHO
456,RI,PID,@PID
457,RI,PIE,@PIE
458,RI,PIN,U:PIN
459,RI,PIO,@PIO
460,RI,PIZ,@PIZ
461,RI,PJP,U:PJP
462,RI,PKB,U:PKB
463,RI,PKW,@PKW
464,RI,PLC,@PLC
465,RI,PLW,@PLW
466,RI,PPA,U:PPA
467,RI,PPH,@PPH
468,RI,PRF,U:PRF
469,RI,PRN,@PRN
470,RI,PSC,@PSC
471,RI,PSI,U:PSI
472,RI,PSJ,U:PSJ
473,RI,PSK,U:PSK
474,RI,PSL,@PSL
475,RI,PSM,@PSM
476,RI,PSP,U:PSP
477,RI,PSQ,U:PSQ
478,RI,PSR,U:PSR
479,RI,PST,U:PST
480,RI,PTF,@PTF
481,RI,PTH,@PTH
482,RI,PUI,@PUI
483,RI,PVI,U:PVI
484,RI,PWB,U:PWB
485,RI,PWC,U:PWC
486,RI,PWS,U:PWS
487,RI,PWV,U:PWV
488,RI,PWZ,U:PWZ
489,RI,PXE,U:PXE
490,RI,PXF,U:PXF
491,RI,PXH,U:PXH
492,RI,PXI,@PXI
493,RI,PXJ,U:PXJ
494,RI,PXQ,U:PXQ
495,RI,PYZ,@PYZ
496,RI,PZA,U:PZA
497,RI,PZD,U:PZD
498,RI,PZT,U:PZT
499,RI,QAI,U:QAI
500,RI,QAT,@QAT
501,RI,QDF,U:QDF
502,RI,QED,U:QED
503,RI,QID,U:QID
504,RI,QLC,U:QLC
505,RI,QLD,U:QLD
506,RI,QLS,U:QLS
507,RI,QLV,U:QLV
508,RI,QMJ,U:QMJ
509,RI,QMN,U:QMN
510,RI,QQH,U:QQH
511,RI,QQQ,@QQQ
512,RI,QSY,U:QSY
513,RI,QUS,U:QUS
514,RI,QVM,U:QVM
515,RI,RCD,U:RCD
516,RI,REC,U:REC
517,RI,REK,U:REK
518,RI,REM,U:REM
519,RI,REW,U:REW
520,RI,REZ,U:REZ
521,RI,RFG,U:RFG
522,RI,RFV,U:RFV
523,RI,RGI,U:RGI
524,RI,RHS,U:RHS
525,RI,RJA,U:RJA
526,RI,RJI,U:RJI
527,RI,RJN,U:RJN
528,RI,RJZ,U:RJZ
529,RI,RLY,U:RLY
530,RI,ROM,U:ROM
531,RI,RPG,U:RPG
532,RI,RPV,U:RPV
533,RI,RSP,U:RSP
534,RI,RSX,U:RSX
535,RI,RTH,@RTH
536,RI,RTM,U:RTM
537,RI,RWJ,U:RWJ
538,RI,RWK,U:RWK
539,RI,RWL,U:RWL
540,RI,RWM,U:RWM
541,RI,RWO,U:RWO
542,RI,RWR,U:RWR
543,RI,RWX,U:RWX
544,RI,RXD,U:RXD
545,RI,RXI,U:RXI
546,RI,RXL,U:RXL
547,RI,RYE,U:RYE
548,RI,RYF,U:RYF
549,RI,RYH,U:RYH
550,RI,RYJ,U:RYJ
551,RI,RYT,U:RYT
552,RI,RYU,U:RYU
553,RI,RZG,U:RZG
554,RI,RZV,U:RZV
555,RI,SAA,U:SAA
556,RI,SBB,U:SBB
557,RI,SBM,U:SBM
558,RI,SCC,U:SCC
559,RI,SCJ,U:SCJ
560,RI,SCO,U:SCO
561,RI,SCZ,@SCZ
562,RI,SDD,U:SDD
563,RI,SDG,@SDG
564,RI,SDP,U:SDP
565,RI,SDS,U:SDS
566,RI,SDY,U:SDY
567,RI,SEF,U:SEF
568,RI,SFY,U:SFY
569,RI,SGG,U:SGG
570,RI,SHE,U:SHE
571,RI,SHM,U:SHM
572,RI,SHV,@SHV
573,RI,SHY,@SHY
574,RI,SIJ,U:SIJ
575,RI,SIL,U:SIL
576,RI,SJB,U:SJB
577,RI,SKF,U:SKF
578,RI,SLT,U:SLT
579,RI,SLV,U:SLV
580,RI,SLX,U:SLX
581,RI,SLY,U:SLY
582,RI,SMB,U:SMB
583,RI,SMH,@SMH
584,RI,SMN,U:SMN
585,RI,SPD,U:SPD
586,RI,SPY,U:SPY
587,RI,SRS,U:SRS
588,RI,SSG,U:SSG
589,RI,SSO,U:SSO
590,RI,SUB,U:SUB
591,RI,SYE,U:SYE
592,RI,SYG,U:SYG
593,RI,SYV,U:SYV
594,RI,SZK,U:SZK
595,RI,TAN,U:TAN
596,RI,TBF,U:TBF
597,RI,TBT,U:TBT
598,RI,TBX,U:TBX
599,RI,TDV,U:TDV
600,RI,TFI,U:TFI
601,RI,THD,U:THD
602,RI,THY,U:THY
603,RI,TIP,U:TIP
604,RI,TLH,U:TLH
605,RI,TLT,@TLT
606,RI,TMF,U:TMF
607,RI,TMV,U:TMV
608,RI,TNA,U:TNA
609,RI,TOK,U:TOK
610,RI,TTT,U:TTT
611,RI,TUR,@TUR
612,RI,TWM,U:TWM
613,RI,TYD,U:TYD
614,RI,TYO,U:TYO
615,RI,TZA,U:TZA
616,RI,UAE,@UAE
617,RI,UAG,U:UAG
618,RI,UBG,U:UBG
619,RI,UBR,U:UBR
620,RI,UBT,U:UBT
621,RI,UCC,U:UCC
622,RI,UCI,U:UCI
623,RI,UCO,U:UCO
624,RI,UDN,U:UDN
625,RI,UFO,@UFO
626,RI,UGA,U:UGA
627,RI,UGE,U:UGE
628,RI,UGL,U:UGL
629,RI,UJB,U:UJB
630,RI,ULE,U:ULE
631,RI,UNG,U:UNG
632,RI,UNL,U:UNL
633,RI,UPV,U:UPV
634,RI,UPW,U:UPW
635,RI,URA,U:URA
636,RI,URE,U:URE
637,RI,USD,U:USD
638,RI,USI,U:USI
639,RI,USL,U:USL
640,RI,USO,U:USO
641,RI,UST,U:UST
642,RI,USV,U:USV
643,RI,UUP,U:UUP
644,RI,UWM,U:UWM
645,RI,UXI,U:UXI
646,RI,UYG,U:UYG
647,RI,UYM,U:UYM
648,RI,VAW,U:VAW
649,RI,VBK,U:VBK
650,RI,VBR,U:VBR
651,RI,VCR,U:VCR
652,RI,VDC,U:VDC
653,RI,VDE,U:VDE
654,RI,VEA,U:VEA
655,RI,VEU,U:VEU
656,RI,VFH,U:VFH
657,RI,VGK,U:VGK
658,RI,VGT,U:VGT
659,RI,VHT,U:VHT
660,RI,VIG,U:VIG
661,RI,VIS,U:VIS
662,RI,VLU,U:VLU
663,RI,VNM,U:VNM
664,RI,VNQ,U:VNQ
665,RI,VOE,U:VOE
666,RI,VOO,U:VOO
667,RI,VOT,U:VOT
668,RI,VOX,U:VOX
669,RI,VPC,U:VPC
670,RI,VPL,U:VPL
671,RI,VPN,@VPN
672,RI,VPU,U:VPU
673,RI,VRP,U:VRP
674,RI,VSL,U:VSL
675,RI,VSS,U:VSS
676,RI,VTC,@VTC
677,RI,VTI,U:VTI
678,RI,VTV,U:VTV
679,RI,VUG,U:VUG
680,RI,VWO,U:VWO
681,RI,VXF,U:VXF
682,RI,VXX,U:VXX
683,RI,VXZ,U:VXZ
684,RI,VYM,U:VYM
685,RI,WFH,U:WFH
686,RI,WIL,U:WIL
687,RI,WIP,U:WIP
688,RI,WIZ,U:WIZ
689,RI,WPS,U:WPS
690,RI,XAR,U:XAR
691,RI,XBI,U:XBI
692,RI,XES,U:XES
693,RI,XHB,U:XHB
694,RI,XHE,U:XHE
695,RI,XHS,U:XHS
696,RI,XJH,U:XJH
697,RI,XJR,U:XJR
698,RI,XLB,U:XLB
699,RI,XLC,U:XLC
700,RI,XLE,U:XLE
701,RI,XLF,U:XLF
702,RI,XLG,U:XLG
703,RI,XLI,U:XLI
704,RI,XLK,U:XLK
705,RI,XLP,U:XLP
706,RI,XLU,U:XLU
707,RI,XLV,U:XLV
708,RI,XLY,U:XLY
709,RI,XME,U:XME
710,RI,XOP,U:XOP
711,RI,XPH,U:XPH
712,RI,XPP,U:XPP
713,RI,XRT,U:XRT
714,RI,XSD,U:XSD
715,RI,XSW,U:XSW
716,RI,XTL,U:XTL
717,RI,XTN,U:XTN
718,RI,XVV,U:XVV
719,RI,XVZ,U:XVZ
720,RI,YCL,U:YCL
721,RI,YCS,U:YCS
722,RI,YLD,U:YLD
723,RI,YXI,U:YXI
724,RI,YYY,U:YYY
725,RI,ZIG,U:ZIG
726,RI,ZSL,U:ZSL
727,RI,AAAU,U:AAAU
728,RI,AADR,U:AADR
729,RI,AAXJ,@AAXJ
730,RI,ABEQ,U:ABEQ
731,RI,ACES,U:ACES
732,RI,ACIO,U:ACIO
733,RI,ACSG,U:ACSG
734,RI,ACSI,U:ACSI
735,RI,ACTV,U:ACTV
736,RI,ACWF,U:ACWF
737,RI,ACWI,@ACWI
738,RI,ACWV,U:ACWV
739,RI,ACWX,@ACWX
740,RI,ADFI,U:ADFI
741,RI,ADME,U:ADME
742,RI,ADRE,@ADRE
743,RI,AESR,U:AESR
744,RI,AFIF,U:AFIF
745,RI,AFLG,U:AFLG
746,RI,AFMC,U:AFMC
747,RI,AFSM,U:AFSM
748,RI,AFTY,U:AFTY
749,RI,AGGP,U:AGGP
750,RI,AGGY,U:AGGY
751,RI,AGZD,@AGZD
752,RI,AIEQ,U:AIEQ
753,RI,AIIQ,U:AIIQ
754,RI,AIRR,@AIRR
755,RI,ALFA,U:ALFA
756,RI,ALTL,U:ALTL
757,RI,ALTS,U:ALTS
758,RI,ALTY,@ALTY
759,RI,AMCA,@AMCA
760,RI,AMER,U:AMER
761,RI,AMLP,U:AMLP
762,RI,AMNA,U:AMNA
763,RI,AMND,U:AMND
764,RI,AMOM,U:AMOM
765,RI,AMTR,U:AMTR
766,RI,AMUB,U:AMUB
767,RI,AMZA,U:AMZA
768,RI,ANEW,U:ANEW
769,RI,ANGL,@ANGL
770,RI,ARCM,U:ARCM
771,RI,ARGT,U:ARGT
772,RI,ARKF,U:ARKF
773,RI,ARKG,U:ARKG
774,RI,ARKK,U:ARKK
775,RI,ARKQ,U:ARKQ
776,RI,ARKW,U:ARKW
777,RI,ARMR,U:ARMR
778,RI,ASEA,U:ASEA
779,RI,ASET,@ASET
780,RI,ASHR,U:ASHR
781,RI,ASHS,U:ASHS
782,RI,ASHX,U:ASHX
783,RI,ATMP,U:ATMP
784,RI,AUGZ,U:AUGZ
785,RI,AUSF,U:AUSF
786,RI,AVDE,U:AVDE
787,RI,AVDV,U:AVDV
788,RI,AVEM,U:AVEM
789,RI,AVIG,U:AVIG
790,RI,AVSF,U:AVSF
791,RI,AVUS,U:AVUS
792,RI,AVUV,U:AVUV
793,RI,AWAY,U:AWAY
794,RI,AWTM,U:AWTM
795,RI,AZAA,U:AZAA
796,RI,AZAL,U:AZAL
797,RI,AZAO,U:AZAO
798,RI,AZBA,U:AZBA
799,RI,AZBL,U:AZBL
800,RI,AZBO,U:AZBO
801,RI,BAPR,U:BAPR
802,RI,BATT,U:BATT
803,RI,BAUG,U:BAUG
804,RI,BBAX,U:BBAX
805,RI,BBCA,U:BBCA
806,RI,BBEU,U:BBEU
807,RI,BBIN,U:BBIN
808,RI,BBJP,U:BBJP
809,RI,BBMC,U:BBMC
810,RI,BBRE,U:BBRE
811,RI,BBSA,U:BBSA
812,RI,BBUS,U:BBUS
813,RI,BDCS,U:BDCS
814,RI,BDCX,U:BDCX
815,RI,BDCY,U:BDCY
816,RI,BDCZ,U:BDCZ
817,RI,BDEC,U:BDEC
818,RI,BDRY,U:BDRY
819,RI,BETZ,U:BETZ
820,RI,BFEB,U:BFEB
821,RI,BFIT,@BFIT
822,RI,BFOR,U:BFOR
823,RI,BFTR,U:BFTR
824,RI,BGRN,@BGRN
825,RI,BIBL,U:BIBL
826,RI,BICK,@BICK
827,RI,BILS,U:BILS
828,RI,BIZD,U:BIZD
829,RI,BJAN,U:BJAN
830,RI,BJUL,U:BJUL
831,RI,BJUN,U:BJUN
832,RI,BKAG,U:BKAG
833,RI,BKEM,U:BKEM
834,RI,BKHY,U:BKHY
835,RI,BKIE,U:BKIE
836,RI,BKLC,U:BKLC
837,RI,BKLN,U:BKLN
838,RI,BKMC,U:BKMC
839,RI,BKSB,U:BKSB
840,RI,BKSE,U:BKSE
841,RI,BLCN,@BLCN
842,RI,BLDG,U:BLDG
843,RI,BLES,U:BLES
844,RI,BLHY,U:BLHY
845,RI,BLOK,U:BLOK
846,RI,BMAR,U:BMAR
847,RI,BMAY,U:BMAY
848,RI,BMED,U:BMED
849,RI,BMLP,@BMLP
850,RI,BNDC,U:BNDC
851,RI,BNDW,@BNDW
852,RI,BNDX,@BNDX
853,RI,BNKD,U:BNKD
854,RI,BNKO,U:BNKO
855,RI,BNKU,U:BNKU
856,RI,BNKZ,U:BNKZ
857,RI,BNOV,U:BNOV
858,RI,BOCT,U:BOCT
859,RI,BOIL,U:BOIL
860,RI,BOND,U:BOND
861,RI,BOSS,U:BOSS
862,RI,BOTZ,@BOTZ
863,RI,BOUT,U:BOUT
864,RI,BRZU,U:BRZU
865,RI,BSAE,@BSAE
866,RI,BSBE,@BSBE
867,RI,BSCE,@BSCE
868,RI,BSCK,@BSCK
869,RI,BSCL,@BSCL
870,RI,BSCM,@BSCM
871,RI,BSCN,@BSCN
872,RI,BSCO,@BSCO
873,RI,BSCP,@BSCP
874,RI,BSCQ,@BSCQ
875,RI,BSCR,@BSCR
876,RI,BSCS,@BSCS
877,RI,BSCT,@BSCT
878,RI,BSCU,@BSCU
879,RI,BSDE,@BSDE
880,RI,BSEP,U:BSEP
881,RI,BSJK,@BSJK
882,RI,BSJL,@BSJL
883,RI,BSJM,@BSJM
884,RI,BSJN,@BSJN
885,RI,BSJO,@BSJO
886,RI,BSJP,@BSJP
887,RI,BSJQ,@BSJQ
888,RI,BSJR,@BSJR
889,RI,BSJS,@BSJS
890,RI,BSML,@BSML
891,RI,BSMM,@BSMM
892,RI,BSMN,@BSMN
893,RI,BSMO,@BSMO
894,RI,BSMP,@BSMP
895,RI,BSMQ,@BSMQ
896,RI,BSMR,@BSMR
897,RI,BSMS,@BSMS
898,RI,BSMT,@BSMT
899,RI,BSMU,@BSMU
900,RI,BTAL,U:BTAL
901,RI,BTEC,@BTEC
902,RI,BTEK,U:BTEK
903,RI,BTYS,U:BTYS
904,RI,BUFF,U:BUFF
905,RI,BUFR,U:BUFR
906,RI,BUYZ,U:BUYZ
907,RI,BYLD,U:BYLD
908,RI,CACG,@CACG
909,RI,CALF,U:CALF
910,RI,CANE,U:CANE
911,RI,CAPE,U:CAPE
912,RI,CARZ,@CARZ
913,RI,CATH,@CATH
914,RI,CBON,U:CBON
915,RI,CCON,U:CCON
916,RI,CCOR,U:CCOR
917,RI,CCRV,U:CCRV
918,RI,CEFA,@CEFA
919,RI,CEFD,U:CEFD
920,RI,CEFS,U:CEFS
921,RI,CEMB,U:CEMB
922,RI,CFCV,U:CFCV
923,RI,CHAD,U:CHAD
924,RI,CHAU,U:CHAU
925,RI,CHEP,U:CHEP
926,RI,CHGX,U:CHGX
927,RI,CHIC,U:CHIC
928,RI,CHIE,U:CHIE
929,RI,CHIH,U:CHIH
930,RI,CHII,U:CHII
931,RI,CHIK,U:CHIK
932,RI,CHIL,U:CHIL
933,RI,CHIM,U:CHIM
934,RI,CHIQ,U:CHIQ
935,RI,CHIR,U:CHIR
936,RI,CHIS,U:CHIS
937,RI,CHIU,U:CHIU
938,RI,CHIX,U:CHIX
939,RI,CHNA,U:CHNA
940,RI,CIBR,@CIBR
941,RI,CLIX,U:CLIX
942,RI,CLOU,@CLOU
943,RI,CLRG,@CLRG
944,RI,CLTL,U:CLTL
945,RI,CMBS,U:CMBS
946,RI,CMDY,U:CMDY
947,RI,CNBS,U:CNBS
948,RI,CNCR,@CNCR
949,RI,CNRG,U:CNRG
950,RI,CNXT,U:CNXT
951,RI,CNYA,U:CNYA
952,RI,COMB,U:COMB
953,RI,COMT,@COMT
954,RI,COPX,U:COPX
955,RI,CORN,U:CORN
956,RI,CORP,U:CORP
957,RI,COWZ,U:COWZ
958,RI,CPER,U:CPER
959,RI,CQQQ,U:CQQQ
960,RI,CRAK,U:CRAK
961,RI,CRBN,U:CRBN
962,RI,CROC,U:CROC
963,RI,CSML,@CSML
964,RI,CTEC,@CTEC
965,RI,CURE,U:CURE
966,RI,CWEB,U:CWEB
967,RI,CXSE,@CXSE
968,RI,DALI,@DALI
969,RI,DALT,U:DALT
970,RI,DAUG,U:DAUG
971,RI,DBAW,U:DBAW
972,RI,DBEF,U:DBEF
973,RI,DBEH,U:DBEH
974,RI,DBEM,U:DBEM
975,RI,DBEU,U:DBEU
976,RI,DBEZ,U:DBEZ
977,RI,DBGR,U:DBGR
978,RI,DBJP,U:DBJP
979,RI,DBLV,U:DBLV
980,RI,DBMF,U:DBMF
981,RI,DBOC,U:DBOC
982,RI,DDIV,@DDIV
983,RI,DDLS,U:DDLS
984,RI,DDWM,U:DDWM
985,RI,DEED,U:DEED
986,RI,DEEF,U:DEEF
987,RI,DEEP,U:DEEP
988,RI,DEFA,U:DEFA
989,RI,DEUS,U:DEUS
990,RI,DFEB,U:DFEB
991,RI,DFEN,U:DFEN
992,RI,DFND,U:DFND
993,RI,DFNL,@DFNL
994,RI,DFVL,U:DFVL
995,RI,DFVS,U:DFVS
996,RI,DGRE,@DGRE
997,RI,DGRO,U:DGRO
998,RI,DGRS,@DGRS
999,RI,DGRW,@DGRW
1000,RI,DIAL,U:DIAL
1001,RI,DINT,@DINT
1002,RI,DIVA,U:DIVA
1003,RI,DIVB,U:DIVB
1004,RI,DIVO,U:DIVO
1005,RI,DJCB,U:DJCB
1006,RI,DJCI,U:DJCI
1007,RI,DJUL,U:DJUL
1008,RI,DJUN,U:DJUN
1009,RI,DMAY,U:DMAY
1010,RI,DMDV,U:DMDV
1011,RI,DMRE,U:DMRE
1012,RI,DMRI,U:DMRI
1013,RI,DMRL,U:DMRL
1014,RI,DMRM,U:DMRM
1015,RI,DMRS,U:DMRS
1016,RI,DMXF,@DMXF
1017,RI,DNOV,U:DNOV
1018,RI,DOCT,U:DOCT
1019,RI,DPST,U:DPST
1020,RI,DRIP,U:DRIP
1021,RI,DRIV,@DRIV
1022,RI,DRSK,U:DRSK
1023,RI,DSEP,U:DSEP
1024,RI,DSOC,U:DSOC
1025,RI,DSTL,U:DSTL
1026,RI,DTEC,U:DTEC
1027,RI,DUAL,U:DUAL
1028,RI,DURA,U:DURA
1029,RI,DUSA,@DUSA
1030,RI,DUSL,U:DUSL
1031,RI,DUST,U:DUST
1032,RI,DVLU,@DVLU
1033,RI,DVOL,@DVOL
1034,RI,DVYA,U:DVYA
1035,RI,DVYE,U:DVYE
1036,RI,DWAS,@DWAS
1037,RI,DWAT,@DWAT
1038,RI,DWAW,@DWAW
1039,RI,DWCR,@DWCR
1040,RI,DWEQ,@DWEQ
1041,RI,DWFI,@DWFI
1042,RI,DWLD,@DWLD
1043,RI,DWMC,@DWMC
1044,RI,DWMF,U:DWMF
1045,RI,DWPP,@DWPP
1046,RI,DWSH,@DWSH
1047,RI,DWUS,@DWUS
1048,RI,DXGE,@DXGE
1049,RI,DXJS,@DXJS
1050,RI,DYHG,U:DYHG
1051,RI,DYNF,U:DYNF
1052,RI,EAGG,U:EAGG
1053,RI,EAOA,U:EAOA
1054,RI,EAOK,U:EAOK
1055,RI,EAOM,U:EAOM
1056,RI,EAOR,U:EAOR
1057,RI,EASG,U:EASG
1058,RI,EBIZ,@EBIZ
1059,RI,EBLU,U:EBLU
1060,RI,EBND,U:EBND
1061,RI,ECLN,U:ECLN
1062,RI,ECNS,U:ECNS
1063,RI,ECON,U:ECON
1064,RI,ECOW,@ECOW
1065,RI,ECOZ,U:ECOZ
1066,RI,EDEN,U:EDEN
1067,RI,EDIV,U:EDIV
1068,RI,EDOC,@EDOC
1069,RI,EDOG,U:EDOG
1070,RI,EDOW,U:EDOW
1071,RI,EDUT,@EDUT
1072,RI,EELV,U:EELV
1073,RI,EEMA,@EEMA
1074,RI,EEMD,U:EEMD
1075,RI,EEMO,U:EEMO
1076,RI,EEMS,U:EEMS
1077,RI,EEMV,U:EEMV
1078,RI,EEMX,U:EEMX
1079,RI,EFAD,U:EFAD
1080,RI,EFAS,@EFAS
1081,RI,EFAV,U:EFAV
1082,RI,EFAX,U:EFAX
1083,RI,EFIV,U:EFIV
1084,RI,EFNL,U:EFNL
1085,RI,EGPT,U:EGPT
1086,RI,EIDO,U:EIDO
1087,RI,EINC,U:EINC
1088,RI,EIRL,U:EIRL
1089,RI,EJAN,U:EJAN
1090,RI,EJUL,U:EJUL
1091,RI,EKAR,U:EKAR
1092,RI,EMAG,U:EMAG
1093,RI,EMBD,U:EMBD
1094,RI,EMBH,U:EMBH
1095,RI,EMCB,@EMCB
1096,RI,EMDV,U:EMDV
1097,RI,EMFM,U:EMFM
1098,RI,EMGF,U:EMGF
1099,RI,EMHY,U:EMHY
1100,RI,EMIF,@EMIF
1101,RI,EMLC,U:EMLC
1102,RI,EMLP,U:EMLP
1103,RI,EMMF,U:EMMF
1104,RI,EMNT,U:EMNT
1105,RI,EMQQ,U:EMQQ
1106,RI,EMSG,U:EMSG
1107,RI,EMSH,U:EMSH
1108,RI,EMTL,U:EMTL
1109,RI,EMTY,U:EMTY
1110,RI,EMXC,@EMXC
1111,RI,EMXF,@EMXF
1112,RI,ENFR,U:ENFR
1113,RI,ENOR,U:ENOR
1114,RI,ENTR,U:ENTR
1115,RI,ENZL,@ENZL
1116,RI,EPHE,U:EPHE
1117,RI,EPOL,U:EPOL
1118,RI,EPRF,U:EPRF
1119,RI,EQAL,U:EQAL
1120,RI,EQOP,U:EQOP
1121,RI,EQRR,@EQRR
1122,RI,EQWL,U:EQWL
1123,RI,ERSX,U:ERSX
1124,RI,ERUS,U:ERUS
1125,RI,ESCR,U:ESCR
1126,RI,ESEB,U:ESEB
1127,RI,ESGA,U:ESGA
1128,RI,ESGD,@ESGD
1129,RI,ESGE,@ESGE
1130,RI,ESGG,U:ESGG
1131,RI,ESGN,U:ESGN
1132,RI,ESGS,U:ESGS
1133,RI,ESGU,@ESGU
1134,RI,ESGV,U:ESGV
1135,RI,ESHY,U:ESHY
1136,RI,ESML,U:ESML
1137,RI,ESNG,U:ESNG
1138,RI,ESPO,@ESPO
1139,RI,ETHO,U:ETHO
1140,RI,EUDG,U:EUDG
1141,RI,EUDV,U:EUDV
1142,RI,EUFN,@EUFN
1143,RI,EUFX,U:EUFX
1144,RI,EURL,U:EURL
1145,RI,EURZ,U:EURZ
1146,RI,EUSA,U:EUSA
1147,RI,EUSB,U:EUSB
1148,RI,EUSC,U:EUSC
1149,RI,EWCO,U:EWCO
1150,RI,EWGS,U:EWGS
1151,RI,EWJE,@EWJE
1152,RI,EWJV,@EWJV
1153,RI,EWMC,U:EWMC
1154,RI,EWRE,U:EWRE
1155,RI,EWSC,U:EWSC
1156,RI,EWUS,U:EWUS
1157,RI,EWZS,@EWZS
1158,RI,EYLD,U:EYLD
1159,RI,FAAR,@FAAR
1160,RI,FALN,@FALN
1161,RI,FAUG,U:FAUG
1162,RI,FAUS,U:FAUS
1163,RI,FBCG,U:FBCG
1164,RI,FBCV,U:FBCV
1165,RI,FBGX,U:FBGX
1166,RI,FBND,U:FBND
1167,RI,FCAL,@FCAL
1168,RI,FCAN,@FCAN
1169,RI,FCEF,@FCEF
1170,RI,FCOM,U:FCOM
1171,RI,FCOR,U:FCOR
1172,RI,FCPI,U:FCPI
1173,RI,FCTR,U:FCTR
1174,RI,FCVT,@FCVT
1175,RI,FDEM,U:FDEM
1176,RI,FDEV,U:FDEV
1177,RI,FDHY,U:FDHY
1178,RI,FDIS,U:FDIS
1179,RI,FDIV,@FDIV
1180,RI,FDLO,U:FDLO
1181,RI,FDMO,U:FDMO
1182,RI,FDNI,@FDNI
1183,RI,FDRR,U:FDRR
1184,RI,FDTS,@FDTS
1185,RI,FDVV,U:FDVV
1186,RI,FEDX,U:FEDX
1187,RI,FEMB,@FEMB
1188,RI,FEMS,@FEMS
1189,RI,FENY,U:FENY
1190,RI,FEUL,U:FEUL
1191,RI,FEUZ,@FEUZ
1192,RI,FFEB,U:FFEB
1193,RI,FFEU,U:FFEU
1194,RI,FFHG,U:FFHG
1195,RI,FFIU,U:FFIU
1196,RI,FFSG,U:FFSG
1197,RI,FFTG,U:FFTG
1198,RI,FFTI,U:FFTI
1199,RI,FFTY,U:FFTY
1200,RI,FHLC,U:FHLC
1201,RI,FIBR,U:FIBR
1202,RI,FIDI,U:FIDI
1203,RI,FIDU,U:FIDU
1204,RI,FIEE,U:FIEE
1205,RI,FIHD,U:FIHD
1206,RI,FILL,U:FILL
1207,RI,FINX,@FINX
1208,RI,FISR,U:FISR
1209,RI,FITE,U:FITE
1210,RI,FIVA,U:FIVA
1211,RI,FIVG,U:FIVG
1212,RI,FIXD,@FIXD
1213,RI,FIYY,U:FIYY
1214,RI,FJNK,U:FJNK
1215,RI,FJUL,U:FJUL
1216,RI,FJUN,U:FJUN
1217,RI,FLAU,U:FLAU
1218,RI,FLAX,U:FLAX
1219,RI,FLBL,U:FLBL
1220,RI,FLBR,U:FLBR
1221,RI,FLCA,U:FLCA
1222,RI,FLCB,U:FLCB
1223,RI,FLCH,U:FLCH
1224,RI,FLCO,U:FLCO
1225,RI,FLDR,U:FLDR
1226,RI,FLEE,U:FLEE
1227,RI,FLEH,U:FLEH
1228,RI,FLEU,U:FLEU
1229,RI,FLFR,U:FLFR
1230,RI,FLGB,U:FLGB
1231,RI,FLGE,U:FLGE
1232,RI,FLGR,U:FLGR
1233,RI,FLGV,U:FLGV
1234,RI,FLHK,U:FLHK
1235,RI,FLHY,U:FLHY
1236,RI,FLIA,U:FLIA
1237,RI,FLIN,U:FLIN
1238,RI,FLIY,U:FLIY
1239,RI,FLJH,U:FLJH
1240,RI,FLJP,U:FLJP
1241,RI,FLKR,U:FLKR
1242,RI,FLLA,U:FLLA
1243,RI,FLLV,U:FLLV
1244,RI,FLMB,U:FLMB
1245,RI,FLMI,U:FLMI
1246,RI,FLMX,U:FLMX
1247,RI,FLOT,U:FLOT
1248,RI,FLQD,U:FLQD
1249,RI,FLQE,U:FLQE
1250,RI,FLQG,U:FLQG
1251,RI,FLQH,U:FLQH
1252,RI,FLQL,U:FLQL
1253,RI,FLQM,U:FLQM
1254,RI,FLQS,U:FLQS
1255,RI,FLRG,U:FLRG
1256,RI,FLRN,U:FLRN
1257,RI,FLRT,U:FLRT
1258,RI,FLRU,U:FLRU
1259,RI,FLSA,U:FLSA
1260,RI,FLSP,U:FLSP
1261,RI,FLSW,U:FLSW
1262,RI,FLTB,U:FLTB
1263,RI,FLTR,U:FLTR
1264,RI,FLTW,U:FLTW
1265,RI,FLUD,U:FLUD
1266,RI,FLYT,U:FLYT
1267,RI,FLZA,U:FLZA
1268,RI,FMAT,U:FMAT
1269,RI,FMAY,U:FMAY
1270,RI,FMHI,@FMHI
1271,RI,FMIL,U:FMIL
1272,RI,FNCL,U:FNCL
1273,RI,FNDA,U:FNDA
1274,RI,FNDB,U:FNDB
1275,RI,FNDC,U:FNDC
1276,RI,FNDE,U:FNDE
1277,RI,FNDF,U:FNDF
1278,RI,FNDX,U:FNDX
1279,RI,FNGD,U:FNGD
1280,RI,FNGO,U:FNGO
1281,RI,FNGS,U:FNGS
1282,RI,FNGU,U:FNGU
1283,RI,FNGZ,U:FNGZ
1284,RI,FNOV,U:FNOV
1285,RI,FOCT,U:FOCT
1286,RI,FOVL,U:FOVL
1287,RI,FPEI,U:FPEI
1288,RI,FPXE,@FPXE
1289,RI,FPXI,@FPXI
1290,RI,FQAL,U:FQAL
1291,RI,FRAK,U:FRAK
1292,RI,FRDM,U:FRDM
1293,RI,FREL,U:FREL
1294,RI,FRLG,U:FRLG
1295,RI,FSEP,U:FSEP
1296,RI,FSMB,U:FSMB
1297,RI,FSMD,U:FSMD
1298,RI,FSTA,U:FSTA
1299,RI,FTAG,@FTAG
1300,RI,FTCS,@FTCS
1301,RI,FTEC,U:FTEC
1302,RI,FTGC,@FTGC
1303,RI,FTHI,@FTHI
1304,RI,FTLB,@FTLB
1305,RI,FTLS,U:FTLS
1306,RI,FTRI,@FTRI
1307,RI,FTSD,U:FTSD
1308,RI,FTSL,@FTSL
1309,RI,FTSM,@FTSM
1310,RI,FTXD,@FTXD
1311,RI,FTXG,@FTXG
1312,RI,FTXH,@FTXH
1313,RI,FTXL,@FTXL
1314,RI,FTXN,@FTXN
1315,RI,FTXO,@FTXO
1316,RI,FTXR,@FTXR
1317,RI,FUMB,U:FUMB
1318,RI,FUNL,U:FUNL
1319,RI,FUTY,U:FUTY
1320,RI,FVAL,U:FVAL
1321,RI,FWDB,U:FWDB
1322,RI,FYLD,U:FYLD
1323,RI,GAMR,U:GAMR
1324,RI,GBDV,U:GBDV
1325,RI,GBGR,U:GBGR
1326,RI,GBIL,U:GBIL
1327,RI,GBLO,U:GBLO
1328,RI,GBUG,U:GBUG
1329,RI,GBUY,U:GBUY
1330,RI,GCEC,@GCEC
1331,RI,GCOR,U:GCOR
1332,RI,GCOW,U:GCOW
1333,RI,GDAT,U:GDAT
1334,RI,GDMA,U:GDMA
1335,RI,GDNA,U:GDNA
1336,RI,GDVD,U:GDVD
1337,RI,GDXJ,U:GDXJ
1338,RI,GENY,@GENY
1339,RI,GERM,U:GERM
1340,RI,GFIN,U:GFIN
1341,RI,GHYB,U:GHYB
1342,RI,GHYG,U:GHYG
1343,RI,GIGB,U:GIGB
1344,RI,GIGE,@GIGE
1345,RI,GLCN,U:GLCN
1346,RI,GLDI,@GLDI
1347,RI,GLDM,U:GLDM
1348,RI,GLIF,U:GLIF
1349,RI,GLIN,U:GLIN
1350,RI,GLTR,U:GLTR
1351,RI,GMAN,U:GMAN
1352,RI,GMOM,U:GMOM
1353,RI,GNAF,U:GNAF
1354,RI,GNMA,@GNMA
1355,RI,GNOM,@GNOM
1356,RI,GOAT,U:GOAT
1357,RI,GOAU,U:GOAU
1358,RI,GOEX,U:GOEX
1359,RI,GOVT,U:GOVT
1360,RI,GOVZ,U:GOVZ
1361,RI,GQRE,U:GQRE
1362,RI,GREK,U:GREK
1363,RI,GRES,U:GRES
1364,RI,GRID,@GRID
1365,RI,GRNB,U:GRNB
1366,RI,GSCE,@GSCE
1367,RI,GSEE,U:GSEE
1368,RI,GSEU,U:GSEU
1369,RI,GSEW,U:GSEW
1370,RI,GSID,U:GSID
1371,RI,GSIE,U:GSIE
1372,RI,GSIG,U:GSIG
1373,RI,GSJY,U:GSJY
1374,RI,GSLC,U:GSLC
1375,RI,GSSC,U:GSSC
1376,RI,GSST,U:GSST
1377,RI,GSUS,U:GSUS
1378,RI,GTIP,U:GTIP
1379,RI,GUDB,U:GUDB
1380,RI,GUNR,U:GUNR
1381,RI,GURU,U:GURU
1382,RI,GUSH,U:GUSH
1383,RI,GVAL,U:GVAL
1384,RI,GVIP,U:GVIP
1385,RI,GXTG,@GXTG
1386,RI,GYLD,U:GYLD
1387,RI,HACK,U:HACK
1388,RI,HAIL,U:HAIL
1389,RI,HAUZ,U:HAUZ
1390,RI,HAWX,U:HAWX
1391,RI,HCRB,U:HCRB
1392,RI,HDAW,U:HDAW
1393,RI,HDEF,U:HDEF
1394,RI,HDGE,U:HDGE
1395,RI,HDIV,U:HDIV
1396,RI,HDLB,U:HDLB
1397,RI,HDMV,U:HDMV
1398,RI,HEDJ,U:HEDJ
1399,RI,HEEM,U:HEEM
1400,RI,HEFA,U:HEFA
1401,RI,HELX,U:HELX
1402,RI,HERD,@HERD
1403,RI,HERO,@HERO
1404,RI,HEWC,U:HEWC
1405,RI,HEWG,@HEWG
1406,RI,HEWJ,U:HEWJ
1407,RI,HEWU,U:HEWU
1408,RI,HEWW,U:HEWW
1409,RI,HEZU,U:HEZU
1410,RI,HFXI,U:HFXI
1411,RI,HIBL,U:HIBL
1412,RI,HIBS,U:HIBS
1413,RI,HIPR,U:HIPR
1414,RI,HIPS,U:HIPS
1415,RI,HJPX,U:HJPX
1416,RI,HLAL,@HLAL
1417,RI,HMOP,U:HMOP
1418,RI,HNDL,@HNDL
1419,RI,HOLD,U:HOLD
1420,RI,HOMZ,U:HOMZ
1421,RI,HSCZ,U:HSCZ
1422,RI,HSMV,U:HSMV
1423,RI,HSRT,U:HSRT
1424,RI,HTAB,U:HTAB
1425,RI,HTEC,U:HTEC
1426,RI,HTRB,U:HTRB
1427,RI,HTUS,U:HTUS
1428,RI,HUSV,U:HUSV
1429,RI,HYBB,U:HYBB
1430,RI,HYDB,U:HYDB
1431,RI,HYDW,U:HYDW
1432,RI,HYEM,U:HYEM
1433,RI,HYGH,U:HYGH
1434,RI,HYGV,U:HYGV
1435,RI,HYHG,U:HYHG
1436,RI,HYLB,U:HYLB
1437,RI,HYLD,U:HYLD
1438,RI,HYLS,@HYLS
1439,RI,HYLV,U:HYLV
1440,RI,HYMB,U:HYMB
1441,RI,HYTR,U:HYTR
1442,RI,HYUP,U:HYUP
1443,RI,HYXF,@HYXF
1444,RI,HYXU,U:HYXU
1445,RI,HYZD,@HYZD
1446,RI,IAGG,U:IAGG
1447,RI,IAUF,U:IAUF
1448,RI,IBBJ,@IBBJ
1449,RI,IBCE,U:IBCE
1450,RI,IBDD,U:IBDD
1451,RI,IBDL,U:IBDL
1452,RI,IBDM,U:IBDM
1453,RI,IBDN,U:IBDN
1454,RI,IBDO,U:IBDO
1455,RI,IBDP,U:IBDP
1456,RI,IBDQ,U:IBDQ
1457,RI,IBDR,U:IBDR
1458,RI,IBDS,U:IBDS
1459,RI,IBDT,U:IBDT
1460,RI,IBDU,U:IBDU
1461,RI,IBDV,U:IBDV
1462,RI,IBHA,U:IBHA
1463,RI,IBHB,U:IBHB
1464,RI,IBHC,U:IBHC
1465,RI,IBHD,U:IBHD
1466,RI,IBHE,U:IBHE
1467,RI,IBMJ,U:IBMJ
1468,RI,IBMK,U:IBMK
1469,RI,IBML,U:IBML
1470,RI,IBMM,U:IBMM
1471,RI,IBMN,U:IBMN
1472,RI,IBMO,U:IBMO
1473,RI,IBMP,U:IBMP
1474,RI,IBMQ,U:IBMQ
1475,RI,IBND,U:IBND
1476,RI,IBTA,@IBTA
1477,RI,IBTB,@IBTB
1478,RI,IBTD,@IBTD
1479,RI,IBTE,@IBTE
1480,RI,IBTF,@IBTF
1481,RI,IBTG,@IBTG
1482,RI,IBTH,@IBTH
1483,RI,IBTI,@IBTI
1484,RI,IBTJ,@IBTJ
1485,RI,IBTK,@IBTK
1486,RI,IBUY,U:IBUY
1487,RI,ICLN,@ICLN
1488,RI,ICOL,U:ICOL
1489,RI,ICOW,U:ICOW
1490,RI,ICSH,U:ICSH
1491,RI,ICVT,U:ICVT
1492,RI,IDEV,U:IDEV
1493,RI,IDHD,U:IDHD
1494,RI,IDHQ,U:IDHQ
1495,RI,IDIV,U:IDIV
1496,RI,IDLB,@IDLB
1497,RI,IDLV,U:IDLV
1498,RI,IDMO,U:IDMO
1499,RI,IDNA,U:IDNA
1500,RI,IDOG,U:IDOG
1501,RI,IDRV,U:IDRV
1502,RI,IECS,U:IECS
1503,RI,IEDI,U:IEDI
1504,RI,IEFA,U:IEFA
1505,RI,IEFN,U:IEFN
1506,RI,IEHS,U:IEHS
1507,RI,IEIH,U:IEIH
1508,RI,IEME,U:IEME
1509,RI,IEMG,U:IEMG
1510,RI,IETC,U:IETC
1511,RI,IEUR,U:IEUR
1512,RI,IEUS,@IEUS
1513,RI,IFGL,@IFGL
1514,RI,IFRA,U:IFRA
1515,RI,IGBH,U:IGBH
1516,RI,IGEB,U:IGEB
1517,RI,IGHG,U:IGHG
1518,RI,IGIB,@IGIB
1519,RI,IGLB,U:IGLB
1520,RI,IGOV,@IGOV
1521,RI,IGRO,U:IGRO
1522,RI,IGSB,@IGSB
1523,RI,IHAK,U:IHAK
1524,RI,IHDG,U:IHDG
1525,RI,IIGD,U:IIGD
1526,RI,IIGV,U:IIGV
1527,RI,IJAN,U:IJAN
1528,RI,IJUL,U:IJUL
1529,RI,ILTB,U:ILTB
1530,RI,IMLP,U:IMLP
1531,RI,IMOM,U:IMOM
1532,RI,IMTB,U:IMTB
1533,RI,IMTM,U:IMTM
1534,RI,INCO,U:INCO
1535,RI,INDA,U:INDA
1536,RI,INDL,U:INDL
1537,RI,INDS,U:INDS
1538,RI,INDY,@INDY
1539,RI,INFR,@INFR
1540,RI,INKM,U:INKM
1541,RI,INTF,U:INTF
1542,RI,IPAC,U:IPAC
1543,RI,IPAY,U:IPAY
1544,RI,IPFF,U:IPFF
1545,RI,IPKW,@IPKW
1546,RI,IPOS,U:IPOS
1547,RI,IQDE,U:IQDE
1548,RI,IQDF,U:IQDF
1549,RI,IQDG,U:IQDG
1550,RI,IQDY,U:IQDY
1551,RI,IQIN,U:IQIN
1552,RI,IQLT,U:IQLT
1553,RI,IQSI,U:IQSI
1554,RI,IQSU,U:IQSU
1555,RI,IRBO,U:IRBO
1556,RI,ISCF,U:ISCF
1557,RI,ISDX,@ISDX
1558,RI,ISEM,@ISEM
1559,RI,ISHG,@ISHG
1560,RI,ISMD,U:ISMD
1561,RI,ISRA,U:ISRA
1562,RI,ISTB,@ISTB
1563,RI,ISZE,U:ISZE
1564,RI,ITEQ,U:ITEQ
1565,RI,ITOT,U:ITOT
1566,RI,IUSB,@IUSB
1567,RI,IUSG,@IUSG
1568,RI,IUSS,@IUSS
1569,RI,IUSV,@IUSV
1570,RI,IVAL,U:IVAL
1571,RI,IVES,U:IVES
1572,RI,IVLU,U:IVLU
1573,RI,IVOG,U:IVOG
1574,RI,IVOL,U:IVOL
1575,RI,IVOO,U:IVOO
1576,RI,IVOV,U:IVOV
1577,RI,IWFH,U:IWFH
1578,RI,IXSE,U:IXSE
1579,RI,IXUS,@IXUS
1580,RI,IYLD,U:IYLD
1581,RI,IZRL,U:IZRL
1582,RI,JAAA,U:JAAA
1583,RI,JAGG,U:JAGG
1584,RI,JCPB,U:JCPB
1585,RI,JDIV,U:JDIV
1586,RI,JDST,U:JDST
1587,RI,JEPI,U:JEPI
1588,RI,JETS,U:JETS
1589,RI,JHCS,U:JHCS
1590,RI,JHEM,U:JHEM
1591,RI,JHMA,U:JHMA
1592,RI,JHMC,U:JHMC
1593,RI,JHMD,U:JHMD
1594,RI,JHME,U:JHME
1595,RI,JHMF,U:JHMF
1596,RI,JHMH,U:JHMH
1597,RI,JHMI,U:JHMI
1598,RI,JHML,U:JHML
1599,RI,JHMM,U:JHMM
1600,RI,JHMS,U:JHMS
1601,RI,JHMT,U:JHMT
1602,RI,JHMU,U:JHMU
1603,RI,JHSC,U:JHSC
1604,RI,JIGB,U:JIGB
1605,RI,JMBS,U:JMBS
1606,RI,JMIN,U:JMIN
1607,RI,JMOM,U:JMOM
1608,RI,JMST,U:JMST
1609,RI,JMUB,U:JMUB
1610,RI,JNUG,U:JNUG
1611,RI,JOYY,U:JOYY
1612,RI,JPEM,U:JPEM
1613,RI,JPHY,U:JPHY
1614,RI,JPIB,U:JPIB
1615,RI,JPIN,U:JPIN
1616,RI,JPMB,U:JPMB
1617,RI,JPME,U:JPME
1618,RI,JPSE,U:JPSE
1619,RI,JPST,U:JPST
1620,RI,JPUS,U:JPUS
1621,RI,JPXN,U:JPXN
1622,RI,JQUA,U:JQUA
1623,RI,JSMD,@JSMD
1624,RI,JSML,@JSML
1625,RI,JULZ,U:JULZ
1626,RI,JUST,U:JUST
1627,RI,JVAL,U:JVAL
1628,RI,KALL,U:KALL
1629,RI,KAPR,U:KAPR
1630,RI,KARS,U:KARS
1631,RI,KBWB,@KBWB
1632,RI,KBWD,@KBWD
1633,RI,KBWP,@KBWP
1634,RI,KBWR,@KBWR
1635,RI,KBWY,@KBWY
1636,RI,KCCB,U:KCCB
1637,RI,KCNY,U:KCNY
1638,RI,KDFI,U:KDFI
1639,RI,KEMQ,U:KEMQ
1640,RI,KEMX,U:KEMX
1641,RI,KESG,U:KESG
1642,RI,KFYP,U:KFYP
1643,RI,KGRN,U:KGRN
1644,RI,KJAN,U:KJAN
1645,RI,KJUL,U:KJUL
1646,RI,KLCD,U:KLCD
1647,RI,KLDW,U:KLDW
1648,RI,KMED,U:KMED
1649,RI,KNAB,U:KNAB
1650,RI,KOCT,U:KOCT
1651,RI,KOIN,U:KOIN
1652,RI,KOKU,U:KOKU
1653,RI,KOLD,U:KOLD
1654,RI,KOMP,U:KOMP
1655,RI,KORP,U:KORP
1656,RI,KORU,U:KORU
1657,RI,KRBN,U:KRBN
1658,RI,KRMA,@KRMA
1659,RI,KSCD,U:KSCD
1660,RI,KURE,U:KURE
1661,RI,KWEB,U:KWEB
1662,RI,LABD,U:LABD
1663,RI,LABU,U:LABU
1664,RI,LDEM,@LDEM
1665,RI,LDRS,U:LDRS
1666,RI,LDSF,@LDSF
1667,RI,LDUR,U:LDUR
1668,RI,LEAD,U:LEAD
1669,RI,LEGR,@LEGR
1670,RI,LEMB,U:LEMB
1671,RI,LEND,U:LEND
1672,RI,LFEQ,U:LFEQ
1673,RI,LGLV,U:LGLV
1674,RI,LGOV,U:LGOV
1675,RI,LKOR,U:LKOR
1676,RI,LMBS,@LMBS
1677,RI,LMLB,U:LMLB
1678,RI,LNGR,@LNGR
1679,RI,LOUP,U:LOUP
1680,RI,LOWC,U:LOWC
1681,RI,LQDH,U:LQDH
1682,RI,LQDI,U:LQDI
1683,RI,LRGE,@LRGE
1684,RI,LRGF,U:LRGF
1685,RI,LRNZ,U:LRNZ
1686,RI,LSAF,U:LSAF
1687,RI,LSAT,U:LSAT
1688,RI,LSLT,U:LSLT
1689,RI,LSST,U:LSST
1690,RI,LTPZ,U:LTPZ
1691,RI,LVHD,@LVHD
1692,RI,LVHI,U:LVHI
1693,RI,MAAX,U:MAAX
1694,RI,MAGA,U:MAGA
1695,RI,MARB,U:MARB
1696,RI,MBSD,U:MBSD
1697,RI,MCEF,@MCEF
1698,RI,MCHI,@MCHI
1699,RI,MCRO,U:MCRO
1700,RI,MDIV,@MDIV
1701,RI,MDYG,U:MDYG
1702,RI,MDYV,U:MDYV
1703,RI,MEAR,U:MEAR
1704,RI,MEXX,U:MEXX
1705,RI,MFDX,U:MFDX
1706,RI,MFEM,U:MFEM
1707,RI,MFMS,U:MFMS
1708,RI,MFUS,U:MFUS
1709,RI,MIDF,U:MIDF
1710,RI,MIDU,U:MIDU
1711,RI,MILN,@MILN
1712,RI,MINC,U:MINC
1713,RI,MIND,C:MIND
1714,RI,MINT,U:MINT
1715,RI,MLPA,U:MLPA
1716,RI,MLPB,U:MLPB
1717,RI,MLPG,U:MLPG
1718,RI,MLPI,U:MLPI
1719,RI,MLPO,U:MLPO
1720,RI,MLPR,U:MLPR
1721,RI,MLPX,U:MLPX
1722,RI,MLPY,U:MLPY
1723,RI,MMIN,U:MMIN
1724,RI,MMIT,U:MMIT
1725,RI,MMLG,U:MMLG
1726,RI,MMTM,U:MMTM
1727,RI,MOAT,U:MOAT
1728,RI,MORT,U:MORT
1729,RI,MOTI,U:MOTI
1730,RI,MOTO,U:MOTO
1731,RI,MRGR,U:MRGR
1732,RI,MRSK,U:MRSK
1733,RI,MSOS,U:MSOS
1734,RI,MSTB,U:MSTB
1735,RI,MSVX,U:MSVX
1736,RI,MTGP,U:MTGP
1737,RI,MTUM,U:MTUM
1738,RI,MUNI,U:MUNI
1739,RI,MUST,U:MUST
1740,RI,MVIN,U:MVIN
1741,RI,MVRL,U:MVRL
1742,RI,MXDU,U:MXDU
1743,RI,NACP,U:NACP
1744,RI,NAIL,U:NAIL
1745,RI,NANR,U:NANR
1746,RI,NAPR,U:NAPR
1747,RI,NEAR,U:NEAR
1748,RI,NERD,U:NERD
1749,RI,NETL,U:NETL
1750,RI,NFLT,U:NFLT
1751,RI,NFRA,U:NFRA
1752,RI,NFTY,@NFTY
1753,RI,NIFE,U:NIFE
1754,RI,NJAN,U:NJAN
1755,RI,NJUL,U:NJUL
1756,RI,NOBL,U:NOBL
1757,RI,NOCT,U:NOCT
1758,RI,NORW,U:NORW
1759,RI,NRGD,U:NRGD
1760,RI,NRGO,U:NRGO
1761,RI,NRGU,U:NRGU
1762,RI,NRGZ,U:NRGZ
1763,RI,NTSX,U:NTSX
1764,RI,NUAG,U:NUAG
1765,RI,NUBD,U:NUBD
1766,RI,NUDM,U:NUDM
1767,RI,NUEM,U:NUEM
1768,RI,NUGT,U:NUGT
1769,RI,NUHY,U:NUHY
1770,RI,NULC,U:NULC
1771,RI,NULG,U:NULG
1772,RI,NULV,U:NULV
1773,RI,NUMG,U:NUMG
1774,RI,NUMV,U:NUMV
1775,RI,NURE,U:NURE
1776,RI,NUSA,U:NUSA
1777,RI,NUSC,U:NUSC
1778,RI,NUSI,U:NUSI
1779,RI,NXTG,@NXTG
1780,RI,OBOR,U:OBOR
1781,RI,OCIO,U:OCIO
1782,RI,OCTZ,U:OCTZ
1783,RI,OEUR,U:OEUR
1784,RI,OGIG,U:OGIG
1785,RI,OILK,U:OILK
1786,RI,OMFL,U:OMFL
1787,RI,OMFS,U:OMFS
1788,RI,ONEO,U:ONEO
1789,RI,ONEQ,@ONEQ
1790,RI,ONEV,U:ONEV
1791,RI,ONEY,U:ONEY
1792,RI,ONLN,U:ONLN
1793,RI,OPER,U:OPER
1794,RI,OSCV,U:OSCV
1795,RI,OUNZ,U:OUNZ
1796,RI,OUSA,U:OUSA
1797,RI,OUSM,U:OUSM
1798,RI,PALC,U:PALC
1799,RI,PALL,U:PALL
1800,RI,PAMC,U:PAMC
1801,RI,PAPR,U:PAPR
1802,RI,PAUG,U:PAUG
1803,RI,PAVE,U:PAVE
1804,RI,PAWZ,U:PAWZ
1805,RI,PBDM,U:PBDM
1806,RI,PBEE,U:PBEE
1807,RI,PBND,U:PBND
1808,RI,PBSM,U:PBSM
1809,RI,PBTP,U:PBTP
1810,RI,PBUS,U:PBUS
1811,RI,PCEF,U:PCEF
1812,RI,PDBC,@PDBC
1813,RI,PDEC,U:PDEC
1814,RI,PDEV,@PDEV
1815,RI,PEXL,U:PEXL
1816,RI,PFEB,U:PFEB
1817,RI,PFFA,U:PFFA
1818,RI,PFFD,U:PFFD
1819,RI,PFFL,U:PFFL
1820,RI,PFFR,U:PFFR
1821,RI,PFFV,U:PFFV
1822,RI,PFIG,U:PFIG
1823,RI,PFLD,U:PFLD
1824,RI,PFXF,U:PFXF
1825,RI,PGAL,U:PGAL
1826,RI,PGHY,U:PGHY
1827,RI,PHDG,U:PHDG
1828,RI,PHYL,U:PHYL
1829,RI,PICB,U:PICB
1830,RI,PICK,U:PICK
1831,RI,PIFI,U:PIFI
1832,RI,PILL,U:PILL
1833,RI,PJAN,U:PJAN
1834,RI,PJUL,U:PJUL
1835,RI,PJUN,U:PJUN
1836,RI,PLAT,U:PLAT
1837,RI,PLTM,U:PLTM
1838,RI,PMAR,U:PMAR
1839,RI,PMAY,U:PMAY
1840,RI,PNOV,U:PNOV
1841,RI,PNQI,@PNQI
1842,RI,POCT,U:POCT
1843,RI,POTX,@POTX
1844,RI,PPLT,U:PPLT
1845,RI,PPTY,U:PPTY
1846,RI,PQDI,U:PQDI
1847,RI,PQIN,U:PQIN
1848,RI,PQLC,U:PQLC
1849,RI,PQSG,U:PQSG
1850,RI,PQSV,U:PQSV
1851,RI,PREF,U:PREF
1852,RI,PRFZ,@PRFZ
1853,RI,PRNT,U:PRNT
1854,RI,PSCC,@PSCC
1855,RI,PSCD,@PSCD
1856,RI,PSCE,@PSCE
1857,RI,PSCF,@PSCF
1858,RI,PSCH,@PSCH
1859,RI,PSCI,@PSCI
1860,RI,PSCM,@PSCM
1861,RI,PSCT,@PSCT
1862,RI,PSCU,@PSCU
1863,RI,PSEP,U:PSEP
1864,RI,PSET,@PSET
1865,RI,PSMB,U:PSMB
1866,RI,PSMC,U:PSMC
1867,RI,PSMG,U:PSMG
1868,RI,PSMM,U:PSMM
1869,RI,PTBD,U:PTBD
1870,RI,PTEU,U:PTEU
1871,RI,PTIN,U:PTIN
1872,RI,PTLC,U:PTLC
1873,RI,PTMC,U:PTMC
1874,RI,PTNQ,U:PTNQ
1875,RI,PULS,U:PULS
1876,RI,PUTW,U:PUTW
1877,RI,PYPE,U:PYPE
1878,RI,QABA,@QABA
1879,RI,QARP,U:QARP
1880,RI,QCLN,@QCLN
1881,RI,QDEF,U:QDEF
1882,RI,QDIV,U:QDIV
1883,RI,QDYN,U:QDYN
1884,RI,QEFA,U:QEFA
1885,RI,QEMM,U:QEMM
1886,RI,QGRO,U:QGRO
1887,RI,QINT,U:QINT
1888,RI,QLTA,U:QLTA
1889,RI,QLVD,U:QLVD
1890,RI,QLVE,U:QLVE
1891,RI,QMOM,U:QMOM
1892,RI,QQEW,@QQEW
1893,RI,QQQE,U:QQQE
1894,RI,QQQJ,@QQQJ
1895,RI,QQQN,@QQQN
1896,RI,QQXT,@QQXT
1897,RI,QRFT,U:QRFT
1898,RI,QTEC,@QTEC
1899,RI,QTUM,U:QTUM
1900,RI,QUAL,U:QUAL
1901,RI,QVAL,U:QVAL
1902,RI,QWLD,U:QWLD
1903,RI,QYLD,@QYLD
1904,RI,QYLG,@QYLG
1905,RI,RAAX,U:RAAX
1906,RI,RAFE,U:RAFE
1907,RI,RALS,U:RALS
1908,RI,RAVI,U:RAVI
1909,RI,RBIN,U:RBIN
1910,RI,RBUS,U:RBUS
1911,RI,RDFI,U:RDFI
1912,RI,RDIV,U:RDIV
1913,RI,RDOG,U:RDOG
1914,RI,RDVY,@RDVY
1915,RI,RECS,U:RECS
1916,RI,REET,U:REET
1917,RI,REGL,U:REGL
1918,RI,REML,U:REML
1919,RI,REMX,U:REMX
1920,RI,RESD,U:RESD
1921,RI,RESE,U:RESE
1922,RI,RESP,U:RESP
1923,RI,RETL,U:RETL
1924,RI,REVS,U:REVS
1925,RI,RFAP,@RFAP
1926,RI,RFCI,U:RFCI
1927,RI,RFDA,U:RFDA
1928,RI,RFDI,@RFDI
1929,RI,RFEM,@RFEM
1930,RI,RFEU,@RFEU
1931,RI,RFFC,U:RFFC
1932,RI,RFUN,U:RFUN
1933,RI,RIGS,U:RIGS
1934,RI,RINF,U:RINF
1935,RI,RING,@RING
1936,RI,RISN,U:RISN
1937,RI,RNDM,@RNDM
1938,RI,RNDV,@RNDV
1939,RI,RNEM,@RNEM
1940,RI,RNLC,@RNLC
1941,RI,RNMC,@RNMC
1942,RI,RNSC,@RNSC
1943,RI,ROAM,U:ROAM
1944,RI,ROBO,U:ROBO
1945,RI,ROBT,@ROBT
1946,RI,RODE,U:RODE
1947,RI,RODI,U:RODI
1948,RI,RODM,U:RODM
1949,RI,ROKT,U:ROKT
1950,RI,ROMO,U:ROMO
1951,RI,ROOF,U:ROOF
1952,RI,ROSC,U:ROSC
1953,RI,ROUS,U:ROUS
1954,RI,RPAR,U:RPAR
1955,RI,RSXJ,U:RSXJ
1956,RI,RTAI,U:RTAI
1957,RI,RUSL,U:RUSL
1958,RI,RVNU,U:RVNU
1959,RI,RVRS,U:RVRS
1960,RI,RWGV,U:RWGV
1961,RI,RWVG,U:RWVG
1962,RI,RYLD,U:RYLD
1963,RI,SBIO,U:SBIO
1964,RI,SBUG,U:SBUG
1965,RI,SCHA,U:SCHA
1966,RI,SCHB,U:SCHB
1967,RI,SCHC,U:SCHC
1968,RI,SCHD,U:SCHD
1969,RI,SCHE,U:SCHE
1970,RI,SCHF,U:SCHF
1971,RI,SCHG,U:SCHG
1972,RI,SCHH,U:SCHH
1973,RI,SCHI,U:SCHI
1974,RI,SCHJ,U:SCHJ
1975,RI,SCHK,U:SCHK
1976,RI,SCHM,U:SCHM
1977,RI,SCHO,U:SCHO
1978,RI,SCHP,U:SCHP
1979,RI,SCHQ,U:SCHQ
1980,RI,SCHR,U:SCHR
1981,RI,SCHV,U:SCHV
1982,RI,SCHX,U:SCHX
1983,RI,SCHZ,U:SCHZ
1984,RI,SDCI,U:SDCI
1985,RI,SDEM,U:SDEM
1986,RI,SDGA,U:SDGA
1987,RI,SDIV,U:SDIV
1988,RI,SDOG,U:SDOG
1989,RI,SDOW,U:SDOW
1990,RI,SDVY,@SDVY
1991,RI,SDYL,U:SDYL
1992,RI,SECT,U:SECT
1993,RI,SEIX,U:SEIX
1994,RI,SEPZ,U:SEPZ
1995,RI,SFHY,U:SFHY
1996,RI,SFIG,U:SFIG
1997,RI,SFYF,U:SFYF
1998,RI,SFYX,U:SFYX
1999,RI,SGDJ,U:SGDJ
2000,RI,SGDM,U:SGDM
2001,RI,SGOL,U:SGOL
2002,RI,SGOV,U:SGOV
2003,RI,SHAG,U:SHAG
2004,RI,SHYD,U:SHYD
2005,RI,SHYG,U:SHYG
2006,RI,SHYL,U:SHYL
2007,RI,SILJ,U:SILJ
2008,RI,SIMS,U:SIMS
2009,RI,SIVR,U:SIVR
2010,RI,SIXA,U:SIXA
2011,RI,SIXH,U:SIXH
2012,RI,SIXL,U:SIXL
2013,RI,SIXS,U:SIXS
2014,RI,SIZE,U:SIZE
2015,RI,SJNK,U:SJNK
2016,RI,SKOR,@SKOR
2017,RI,SKYY,@SKYY
2018,RI,SLQD,@SLQD
2019,RI,SLVO,@SLVO
2020,RI,SLVP,U:SLVP
2021,RI,SLYG,U:SLYG
2022,RI,SLYV,U:SLYV
2023,RI,SMCP,@SMCP
2024,RI,SMDD,U:SMDD
2025,RI,SMDV,U:SMDV
2026,RI,SMDY,U:SMDY
2027,RI,SMEZ,U:SMEZ
2028,RI,SMHB,U:SMHB
2029,RI,SMIN,U:SMIN
2030,RI,SMLF,U:SMLF
2031,RI,SMLV,U:SMLV
2032,RI,SMMD,U:SMMD
2033,RI,SMMU,U:SMMU
2034,RI,SMMV,U:SMMV
2035,RI,SMOG,U:SMOG
2036,RI,SNLN,@SNLN
2037,RI,SNPE,U:SNPE
2038,RI,SNSR,@SNSR
2039,RI,SNUG,@SNUG
2040,RI,SOCL,@SOCL
2041,RI,SOVB,U:SOVB
2042,RI,SOXL,U:SOXL
2043,RI,SOXS,U:SOXS
2044,RI,SOXX,@SOXX
2045,RI,SOYB,U:SOYB
2046,RI,SPAB,U:SPAB
2047,RI,SPAK,U:SPAK
2048,RI,SPBO,U:SPBO
2049,RI,SPDN,U:SPDN
2050,RI,SPDV,U:SPDV
2051,RI,SPDW,U:SPDW
2052,RI,SPEM,U:SPEM
2053,RI,SPEU,U:SPEU
2054,RI,SPFF,U:SPFF
2055,RI,SPGM,U:SPGM
2056,RI,SPGP,U:SPGP
2057,RI,SPHB,U:SPHB
2058,RI,SPHD,U:SPHD
2059,RI,SPHQ,U:SPHQ
2060,RI,SPHY,U:SPHY
2061,RI,SPIB,U:SPIB
2062,RI,SPIP,U:SPIP
2063,RI,SPLB,U:SPLB
2064,RI,SPLG,U:SPLG
2065,RI,SPLV,U:SPLV
2066,RI,SPMB,U:SPMB
2067,RI,SPMD,U:SPMD
2068,RI,SPMO,U:SPMO
2069,RI,SPMV,U:SPMV
2070,RI,SPQQ,@SPQQ
2071,RI,SPSB,U:SPSB
2072,RI,SPSK,U:SPSK
2073,RI,SPSM,U:SPSM
2074,RI,SPTI,U:SPTI
2075,RI,SPTL,U:SPTL
2076,RI,SPTM,U:SPTM
2077,RI,SPTS,U:SPTS
2078,RI,SPUC,U:SPUC
2079,RI,SPUS,U:SPUS
2080,RI,SPUU,U:SPUU
2081,RI,SPVM,U:SPVM
2082,RI,SPVU,U:SPVU
2083,RI,SPXB,U:SPXB
2084,RI,SPXE,U:SPXE
2085,RI,SPXL,U:SPXL
2086,RI,SPXN,U:SPXN
2087,RI,SPXS,U:SPXS
2088,RI,SPXT,U:SPXT
2089,RI,SPXU,U:SPXU
2090,RI,SPXV,U:SPXV
2091,RI,SPYC,U:SPYC
2092,RI,SPYD,U:SPYD
2093,RI,SPYG,U:SPYG
2094,RI,SPYV,U:SPYV
2095,RI,SPYX,U:SPYX
2096,RI,SQEW,U:SQEW
2097,RI,SQLV,@SQLV
2098,RI,SQQQ,@SQQQ
2099,RI,SRET,@SRET
2100,RI,SRLN,U:SRLN
2101,RI,SRTY,U:SRTY
2102,RI,SRVR,U:SRVR
2103,RI,SSLY,U:SSLY
2104,RI,SSPY,U:SSPY
2105,RI,SSUS,U:SSUS
2106,RI,STIP,U:STIP
2107,RI,STLC,U:STLC
2108,RI,STLG,U:STLG
2109,RI,STLV,U:STLV
2110,RI,STMB,U:STMB
2111,RI,STOT,U:STOT
2112,RI,STPZ,U:STPZ
2113,RI,STSB,U:STSB
2114,RI,SUSA,U:SUSA
2115,RI,SUSB,@SUSB
2116,RI,SUSC,@SUSC
2117,RI,SUSL,@SUSL
2118,RI,SVAL,U:SVAL
2119,RI,SVXY,U:SVXY
2120,RI,SWAN,U:SWAN
2121,RI,SYLD,U:SYLD
2122,RI,SZNE,U:SZNE
2123,RI,TAAG,U:TAAG
2124,RI,TACE,U:TACE
2125,RI,TADS,U:TADS
2126,RI,TAEQ,U:TAEQ
2127,RI,TAGS,U:TAGS
2128,RI,TAIL,U:TAIL
2129,RI,TAPR,U:TAPR
2130,RI,TAXF,U:TAXF
2131,RI,TBJL,U:TBJL
2132,RI,TBND,U:TBND
2133,RI,TCHP,U:TCHP
2134,RI,TCTL,U:TCTL
2135,RI,TDIV,@TDIV
2136,RI,TDSA,U:TDSA
2137,RI,TDSB,U:TDSB
2138,RI,TDSC,U:TDSC
2139,RI,TDSD,U:TDSD
2140,RI,TDSE,U:TDSE
2141,RI,TDTF,U:TDTF
2142,RI,TDTT,U:TDTT
2143,RI,TDVG,U:TDVG
2144,RI,TECB,U:TECB
2145,RI,TECL,U:TECL
2146,RI,TECS,U:TECS
2147,RI,TEGS,U:TEGS
2148,RI,TEQI,U:TEQI
2149,RI,TERM,U:TERM
2150,RI,TFIV,U:TFIV
2151,RI,TFJL,U:TFJL
2152,RI,TFLO,U:TFLO
2153,RI,TFLT,U:TFLT
2154,RI,TGIF,U:TGIF
2155,RI,TGRW,U:TGRW
2156,RI,THCX,U:THCX
2157,RI,THNQ,U:THNQ
2158,RI,TILT,U:TILT
2159,RI,TIPX,U:TIPX
2160,RI,TIPZ,U:TIPZ
2161,RI,TLDH,U:TLDH
2162,RI,TLEH,U:TLEH
2163,RI,TLTD,U:TLTD
2164,RI,TLTE,U:TLTE
2165,RI,TMDV,U:TMDV
2166,RI,TMFC,U:TMFC
2167,RI,TOKE,U:TOKE
2168,RI,TOLZ,U:TOLZ
2169,RI,TOTL,U:TOTL
2170,RI,TPAY,U:TPAY
2171,RI,TPHD,U:TPHD
2172,RI,TPIF,U:TPIF
2173,RI,TPLC,U:TPLC
2174,RI,TPOR,U:TPOR
2175,RI,TPSC,U:TPSC
2176,RI,TPYP,U:TPYP
2177,RI,TQQQ,@TQQQ
2178,RI,TRND,U:TRND
2179,RI,TRTY,U:TRTY
2180,RI,TSOC,U:TSOC
2181,RI,TTAC,U:TTAC
2182,RI,TTAI,U:TTAI
2183,RI,TTTN,@TTTN
2184,RI,TUSA,@TUSA
2185,RI,UAPR,U:UAPR
2186,RI,UAUG,U:UAUG
2187,RI,UBOT,U:UBOT
2188,RI,UCIB,U:UCIB
2189,RI,UCON,U:UCON
2190,RI,UDEC,U:UDEC
2191,RI,UDOW,U:UDOW
2192,RI,UEVM,U:UEVM
2193,RI,UFEB,U:UFEB
2194,RI,UITB,U:UITB
2195,RI,UIVM,U:UIVM
2196,RI,UJAN,U:UJAN
2197,RI,UJUL,U:UJUL
2198,RI,UJUN,U:UJUN
2199,RI,ULST,U:ULST
2200,RI,ULTR,U:ULTR
2201,RI,ULVM,U:ULVM
2202,RI,UMAR,U:UMAR
2203,RI,UMAY,U:UMAY
2204,RI,UMDD,U:UMDD
2205,RI,UNOV,U:UNOV
2206,RI,UOCT,U:UOCT
2207,RI,UPRO,U:UPRO
2208,RI,URNM,U:URNM
2209,RI,URTH,U:URTH
2210,RI,URTY,U:URTY
2211,RI,USAI,U:USAI
2212,RI,USCI,U:USCI
2213,RI,USDU,U:USDU
2214,RI,USEP,U:USEP
2215,RI,USEQ,U:USEQ
2216,RI,USFR,U:USFR
2217,RI,USHG,U:USHG
2218,RI,USHY,U:USHY
2219,RI,USIG,@USIG
2220,RI,USLB,@USLB
2221,RI,USMC,@USMC
2222,RI,USMF,U:USMF
2223,RI,USMV,U:USMV
2224,RI,USOI,@USOI
2225,RI,USRT,U:USRT
2226,RI,USSG,U:USSG
2227,RI,USTB,U:USTB
2228,RI,USVM,U:USVM
2229,RI,USXF,@USXF
2230,RI,UTES,U:UTES
2231,RI,UTRN,U:UTRN
2232,RI,UTSL,U:UTSL
2233,RI,UVXY,U:UVXY
2234,RI,VALQ,U:VALQ
2235,RI,VALT,U:VALT
2236,RI,VAMO,U:VAMO
2237,RI,VBND,U:VBND
2238,RI,VCEB,U:VCEB
2239,RI,VCIT,@VCIT
2240,RI,VCLT,@VCLT
2241,RI,VCSH,@VCSH
2242,RI,VEGA,U:VEGA
2243,RI,VEGI,U:VEGI
2244,RI,VEGN,U:VEGN
2245,RI,VETS,@VETS
2246,RI,VFLQ,U:VFLQ
2247,RI,VFMF,U:VFMF
2248,RI,VFMO,U:VFMO
2249,RI,VFMV,U:VFMV
2250,RI,VFQY,U:VFQY
2251,RI,VFVA,U:VFVA
2252,RI,VGIT,@VGIT
2253,RI,VGLT,@VGLT
2254,RI,VGSH,@VGSH
2255,RI,VICE,U:VICE
2256,RI,VIDI,U:VIDI
2257,RI,VIGI,@VIGI
2258,RI,VIOG,U:VIOG
2259,RI,VIOO,U:VIOO
2260,RI,VIOV,U:VIOV
2261,RI,VIRS,U:VIRS
2262,RI,VIXM,U:VIXM
2263,RI,VIXY,U:VIXY
2264,RI,VLUE,U:VLUE
2265,RI,VMBS,@VMBS
2266,RI,VMOT,U:VMOT
2267,RI,VNLA,U:VNLA
2268,RI,VNMC,U:VNMC
2269,RI,VNQI,@VNQI
2270,RI,VONE,@VONE
2271,RI,VONG,@VONG
2272,RI,VONV,@VONV
2273,RI,VOOG,U:VOOG
2274,RI,VOOV,U:VOOV
2275,RI,VRAI,U:VRAI
2276,RI,VRIG,@VRIG
2277,RI,VSDA,@VSDA
2278,RI,VSGX,U:VSGX
2279,RI,VSMV,@VSMV
2280,RI,VTEB,U:VTEB
2281,RI,VTHR,@VTHR
2282,RI,VTIP,@VTIP
2283,RI,VTWG,@VTWG
2284,RI,VTWO,@VTWO
2285,RI,VTWV,@VTWV
2286,RI,VUSE,U:VUSE
2287,RI,VWID,U:VWID
2288,RI,VWOB,@VWOB
2289,RI,VXUS,@VXUS
2290,RI,VYMI,@VYMI
2291,RI,WANT,U:WANT
2292,RI,WBIE,U:WBIE
2293,RI,WBIF,U:WBIF
2294,RI,WBIG,U:WBIG
2295,RI,WBII,U:WBII
2296,RI,WBIL,U:WBIL
2297,RI,WBIN,U:WBIN
2298,RI,WBIT,U:WBIT
2299,RI,WBIY,U:WBIY
2300,RI,WBND,@WBND
2301,RI,WCLD,@WCLD
2302,RI,WDIV,U:WDIV
2303,RI,WEAT,U:WEAT
2304,RI,WEBL,U:WEBL
2305,RI,WEBS,U:WEBS
2306,RI,WFHY,U:WFHY
2307,RI,WFIG,U:WFIG
2308,RI,WINC,@WINC
2309,RI,WLDR,U:WLDR
2310,RI,WOMN,U:WOMN
2311,RI,WOOD,@WOOD
2312,RI,WTMF,U:WTMF
2313,RI,WUGI,U:WUGI
2314,RI,WWJD,U:WWJD
2315,RI,XBUY,U:XBUY
2316,RI,XCEM,U:XCEM
2317,RI,XDIV,U:XDIV
2318,RI,XITK,U:XITK
2319,RI,XLRE,U:XLRE
2320,RI,XLSR,U:XLSR
2321,RI,XMHQ,U:XMHQ
2322,RI,XMLV,U:XMLV
2323,RI,XMMO,U:XMMO
2324,RI,XMPT,U:XMPT
2325,RI,XMVM,U:XMVM
2326,RI,XNTK,U:XNTK
2327,RI,XOUT,U:XOUT
2328,RI,XRLV,U:XRLV
2329,RI,XSHD,U:XSHD
2330,RI,XSHQ,U:XSHQ
2331,RI,XSLV,U:XSLV
2332,RI,XSMO,U:XSMO
2333,RI,XSOE,U:XSOE
2334,RI,XSVM,U:XSVM
2335,RI,XWEB,U:XWEB
2336,RI,XYLD,U:XYLD
2337,RI,XYLG,U:XYLG
2338,RI,YANG,U:YANG
2339,RI,YGRN,U:YGRN
2340,RI,YINN,U:YINN
2341,RI,YLCO,@YLCO
2342,RI,YLDE,@YLDE
2343,RI,YOLO,U:YOLO
2344,RI,ZCAN,U:ZCAN
2345,RI,ZDEU,U:ZDEU
2346,RI,ZGBR,U:ZGBR
2347,RI,ZHOK,U:ZHOK
2348,RI,ZJPN,U:ZJPN
2349,RI,ZROZ,U:ZROZ
2350,RI,273130,KO:XBA
2351,RI,HCN.TO,C:HCN
2352,TR,GSGCTOT,GSGCTOT
2353,RI,HXQu.TO,C:HXQ.U
2354,RI,HXSu.TO,C:HXS.U
2355,RI,HXTu.TO,C:HXT.U
2356,RI,KSHALXA,KSHALXA
2357,RI,MSEAFE$,MSEAFE$
2358,RI,MSEMKF$,MSEMKF$
2359,RI,MSMOUS$,MSMOUS$
2360,RI,MSMUHIL,MSMUHIL
2361,RI,MSUELCV,MSUELCV
2362,RI,MSUSAML,MSUSAML
2363,RI,MSWRLD$,MSWRLD$
2364,RI,NAREQR$,NAREQR$
2365,RI,NARMOR$,NARMOR$
2366,RI,NASA100,NASA100
2367,RI,S&PCOMP,S&PCOMP
2368,RI,S&PPRST,S&PPRST
2369,RI,SBBRGSL,SBBRGSL
2370,RI,SP5ECOD,SP5ECOD
2371,RI,SP5ECST,SP5ECST
2372,RI,SP5EENE,SP5EENE
2373,RI,SP5EFIN,SP5EFIN
2374,RI,SP5EHCR,SP5EHCR
2375,RI,SP5EIND,SP5EIND
2376,RI,SP5EINT,SP5EINT
2377,RI,SP5EMAT,SP5EMAT
2378,RI,SP5ETEL,SP5ETEL
2379,RI,SP5EUTL,SP5EUTL
2380,RI,SP5LVHD,SP5LVHD
2381,RI,SPBDU10,SPBDU10
2382,RI,SPBDU2N,SPBDU2N
2383,RI,SPBDU3B,SPBDU3B
2384,RI,SPBDU5N,SPBDU5N
2385,RI,SPBDUS1,SPBDUS1
2386,RI,SPBDUSL,SPBDUSL
2387,RI,SPGINF$,SPGINF$
2388,RI,SPMBSUS,SPMBSUS
2389,RI,SPMUNBI,SPMUNBI
2390,RI,SPTRB51,SPTRB51
2391,RI,SPUHYBD,SPUHYBD
2392,RI,SPUIGBD,SPUIGBD
2393,RI,SPUSAGG,SPUSAGG
2394,RI,SPUSTTI,SPUSTTI
2395,RI,NVQ,U:NVQ
2396,RI,KOR200I,KOR200I
